"Player","CD #","BOSS HEALTH / SPELL","COUNT / HEALTH %","PLAYER/CLASS/ALL","TIME","COOLDOWN SPELL","","NPC NAME","ADDITIONAL TEXT","OVERRIDE TTS","CUSTOM NAME","CUSTOM ICON"
"","1","Health % (IMM)","","","","","","Immerseus","","","",""
"","2","Health % (IMM)","","","","","","","","","",""
"","3","Health % (IMM)","","","","","","","","","",""
"","4","Health % (IMM)","","","","","","","","","",""
"","5","Health % (IMM)","","","","","","","","","",""
"","6","Health % (IMM)","","","","","","","","","",""
"","7","Health % (IMM)","","","","","","","","","",""
"","8","Health % (IMM)","","","","","","","","","",""
"","9","Health % (IMM)","","","","","","","","","",""
"","10","Health % (IMM)","","","","","","","","","",""
"","11","Health % (IMM)","","","","","","","","","",""
"","12","Health % (IMM)","","","","","","","","","",""
"","13","Health % (IMM)","","","","","","","","","",""
"","14","Health % (IMM)","","","","","","","","","",""
"","15","Health % (IMM)","","","","","","","","","",""
"","","","","","","","","LEAVE BLANK","","","",""
"","","","COUNT","","","","","","","","",""
"","1","Health % (FAL)","","","","","","The Fallen Protectors","","","",""
"","2","Health % (FAL)","","","","","","","","","",""
"","3","Health % (FAL)","","","","","","","","","",""
"","4","Health % (FAL)","","","","","","","","","",""
"","5","Health % (FAL)","","","","","","","","","",""
"","6","Health % (FAL)","","","","","","","","","",""
"","7","Health % (FAL)","","","","","","","","","",""
"","8","Health % (FAL)","","","","","","","","","",""
"","9","Health % (FAL)","","","","","","","","","",""
"","10","Health % (FAL)","","","","","","","","","",""
"","11","Health % (FAL)","","","","","","","","","",""
"","12","Health % (FAL)","","","","","","","","","",""
"","13","Health % (FAL)","","","","","","","","","",""
"","14","Health % (FAL)","","","","","","","","","",""
"","15","Health % (FAL)","","","","","","","","","",""
"","","","","","","","","LEAVE BLANK","","","",""
"","","","COUNT","","","","","","","","",""
"","1","Health % (NOR)","","","","","","Norushen","","","",""
"","2","Health % (NOR)","","","","","","","","","",""
"","3","Health % (NOR)","","","","","","","","","",""
"","4","Health % (NOR)","","","","","","","","","",""
"","5","Health % (NOR)","","","","","","","","","",""
"","6","Health % (NOR)","","","","","","","","","",""
"","7","Health % (NOR)","","","","","","","","","",""
"","8","Health % (NOR)","","","","","","","","","",""
"","9","Health % (NOR)","","","","","","","","","",""
"","10","Health % (NOR)","","","","","","","","","",""
"","11","Health % (NOR)","","","","","","","","","",""
"","12","Health % (NOR)","","","","","","","","","",""
"","13","Health % (NOR)","","","","","","","","","",""
"","14","Health % (NOR)","","","","","","","","","",""
"","15","Health % (NOR)","","","","","","","","","",""
"","","","","","","","","LEAVE BLANK","","","",""
"","","","COUNT","","","","","","","","",""
"","1","Health % (SHA)","","","","","","Sha of Pride","","","",""
"","2","Health % (SHA)","","","","","","","","","",""
"","3","Health % (SHA)","","","","","","","","","",""
"","4","Health % (SHA)","","","","","","","","","",""
"","5","Health % (SHA)","","","","","","","","","",""
"","6","Health % (SHA)","","","","","","","","","",""
"","7","Health % (SHA)","","","","","","","","","",""
"","8","Health % (SHA)","","","","","","","","","",""
"","9","Health % (SHA)","","","","","","","","","",""
"","10","Health % (SHA)","","","","","","","","","",""
"","11","Health % (SHA)","","","","","","","","","",""
"","12","Health % (SHA)","","","","","","","","","",""
"","13","Health % (SHA)","","","","","","","","","",""
"","14","Health % (SHA)","","","","","","","","","",""
"","15","Health % (SHA)","","","","","","","","","",""
"","","","","","","","","LEAVE BLANK","","","",""
"","","","COUNT","","","","","","","","",""
"","1","Health % (GAL)","","","","","","Galakras","","","",""
"","2","Health % (GAL)","","","","","","","","","",""
"","3","Health % (GAL)","","","","","","","","","",""
"","4","Health % (GAL)","","","","","","","","","",""
"","5","Health % (GAL)","","","","","","","","","",""
"","6","Health % (GAL)","","","","","","","","","",""
"","7","Health % (GAL)","","","","","","","","","",""
"","8","Health % (GAL)","","","","","","","","","",""
"","9","Health % (GAL)","","","","","","","","","",""
"","10","Health % (GAL)","","","","","","","","","",""
"","11","Health % (GAL)","","","","","","","","","",""
"","12","Health % (GAL)","","","","","","","","","",""
"","13","Health % (GAL)","","","","","","","","","",""
"","14","Health % (GAL)","","","","","","","","","",""
"","15","Health % (GAL)","","","","","","","","","",""
"","","","","","","","","LEAVE BLANK","","","",""
"","","","COUNT","","","","","","","","",""
"","1","Health % (JUG)","","","","","","Iron Juggernaut","","","",""
"","2","Health % (JUG)","","","","","","","","","",""
"","3","Health % (JUG)","","","","","","","","","",""
"","4","Health % (JUG)","","","","","","","","","",""
"","5","Health % (JUG)","","","","","","","","","",""
"","6","Health % (JUG)","","","","","","","","","",""
"","7","Health % (JUG)","","","","","","","","","",""
"","8","Health % (JUG)","","","","","","","","","",""
"","9","Health % (JUG)","","","","","","","","","",""
"","10","Health % (JUG)","","","","","","","","","",""
"","11","Health % (JUG)","","","","","","","","","",""
"","12","Health % (JUG)","","","","","","","","","",""
"","13","Health % (JUG)","","","","","","","","","",""
"","14","Health % (JUG)","","","","","","","","","",""
"","15","Health % (JUG)","","","","","","","","","",""
"","","","","","","","","LEAVE BLANK","","","",""
"","","","COUNT","","","","","","","","",""
"","1","Health % (KOR)","","","","","","Kor'kron Dark Shaman","","","",""
"","2","Health % (KOR)","","","","","","","","","",""
"","3","Health % (KOR)","","","","","","","","","",""
"","4","Health % (KOR)","","","","","","","","","",""
"","5","Health % (KOR)","","","","","","","","","",""
"","6","Health % (KOR)","","","","","","","","","",""
"","7","Health % (KOR)","","","","","","","","","",""
"","8","Health % (KOR)","","","","","","","","","",""
"","9","Health % (KOR)","","","","","","","","","",""
"","10","Health % (KOR)","","","","","","","","","",""
"","11","Health % (KOR)","","","","","","","","","",""
"","12","Health % (KOR)","","","","","","","","","",""
"","13","Health % (KOR)","","","","","","","","","",""
"","14","Health % (KOR)","","","","","","","","","",""
"","15","Health % (KOR)","","","","","","","","","",""
"","","","","","","","","LEAVE BLANK","","","",""
"","","","COUNT","","","","","","","","",""
"","1","Health % (NAZ)","","","","","","General Nazgrim","","","",""
"","2","Health % (NAZ)","","","","","","","","","",""
"","3","Health % (NAZ)","","","","","","","","","",""
"","4","Health % (NAZ)","","","","","","","","","",""
"","5","Health % (NAZ)","","","","","","","","","",""
"","6","Health % (NAZ)","","","","","","","","","",""
"","7","Health % (NAZ)","","","","","","","","","",""
"","8","Health % (NAZ)","","","","","","","","","",""
"","9","Health % (NAZ)","","","","","","","","","",""
"","10","Health % (NAZ)","","","","","","","","","",""
"","11","Health % (NAZ)","","","","","","","","","",""
"","12","Health % (NAZ)","","","","","","","","","",""
"","13","Health % (NAZ)","","","","","","","","","",""
"","14","Health % (NAZ)","","","","","","","","","",""
"","15","Health % (NAZ)","","","","","","","","","",""
"","","","","","","","","LEAVE BLANK","","","",""
"","","","COUNT","","","","","","","","",""
"","1","Health % (MAL)","","","","","","Malkorok","","","",""
"","2","Health % (MAL)","","","","","","","","","",""
"","3","Health % (MAL)","","","","","","","","","",""
"","4","Health % (MAL)","","","","","","","","","",""
"","5","Health % (MAL)","","","","","","","","","",""
"","6","Health % (MAL)","","","","","","","","","",""
"","7","Health % (MAL)","","","","","","","","","",""
"","8","Health % (MAL)","","","","","","","","","",""
"","9","Health % (MAL)","","","","","","","","","",""
"","10","Health % (MAL)","","","","","","","","","",""
"","11","Health % (MAL)","","","","","","","","","",""
"","12","Health % (MAL)","","","","","","","","","",""
"","13","Health % (MAL)","","","","","","","","","",""
"","14","Health % (MAL)","","","","","","","","","",""
"","15","Health % (MAL)","","","","","","","","","",""
"","","","","","","","","LEAVE BLANK","","","",""
"","","","COUNT","","","","","","","","",""
"","1","Health % (SPO)","","","","","","Spoils of Pandaria","","","",""
"","2","Health % (SPO)","","","","","","","","","",""
"","3","Health % (SPO)","","","","","","","","","",""
"","4","Health % (SPO)","","","","","","","","","",""
"","5","Health % (SPO)","","","","","","","","","",""
"","6","Health % (SPO)","","","","","","","","","",""
"","7","Health % (SPO)","","","","","","","","","",""
"","8","Health % (SPO)","","","","","","","","","",""
"","9","Health % (SPO)","","","","","","","","","",""
"","10","Health % (SPO)","","","","","","","","","",""
"","11","Health % (SPO)","","","","","","","","","",""
"","12","Health % (SPO)","","","","","","","","","",""
"","13","Health % (SPO)","","","","","","","","","",""
"","14","Health % (SPO)","","","","","","","","","",""
"","15","Health % (SPO)","","","","","","","","","",""
"","","","","","","","","LEAVE BLANK","","","",""
"","","","COUNT","","","","","","","","",""
"","1","Health % (THO)","","","","","","Thok the Bloodthirsty","","","",""
"","2","Health % (THO)","","","","","","","","","",""
"","3","Health % (THO)","","","","","","","","","",""
"","4","Health % (THO)","","","","","","","","","",""
"","5","Health % (THO)","","","","","","","","","",""
"","6","Health % (THO)","","","","","","","","","",""
"","7","Health % (THO)","","","","","","","","","",""
"","8","Health % (THO)","","","","","","","","","",""
"","9","Health % (THO)","","","","","","","","","",""
"","10","Health % (THO)","","","","","","","","","",""
"","11","Health % (THO)","","","","","","","","","",""
"","12","Health % (THO)","","","","","","","","","",""
"","13","Health % (THO)","","","","","","","","","",""
"","14","Health % (THO)","","","","","","","","","",""
"","15","Health % (THO)","","","","","","","","","",""
"","","","","","","","","LEAVE BLANK","","","",""
"","","","COUNT","","","","","","","","",""
"","1","Health % (BLA)","","","","","","Siegecrafter Blackfuse","","","",""
"","2","Health % (BLA)","","","","","","","","","",""
"","3","Health % (BLA)","","","","","","","","","",""
"","4","Health % (BLA)","","","","","","","","","",""
"","5","Health % (BLA)","","","","","","","","","",""
"","6","Health % (BLA)","","","","","","","","","",""
"","7","Health % (BLA)","","","","","","","","","",""
"","8","Health % (BLA)","","","","","","","","","",""
"","9","Health % (BLA)","","","","","","","","","",""
"","10","Health % (BLA)","","","","","","","","","",""
"","11","Health % (BLA)","","","","","","","","","",""
"","12","Health % (BLA)","","","","","","","","","",""
"","13","Health % (BLA)","","","","","","","","","",""
"","14","Health % (BLA)","","","","","","","","","",""
"","15","Health % (BLA)","","","","","","","","","",""
"","","","","","","","","LEAVE BLANK","","","",""
"","","","COUNT","","","","","","","","",""
"","1","Health % (PAR)","","","","","","Paragons of the Klaxxi","","","",""
"","2","Health % (PAR)","","","","","","","","","",""
"","3","Health % (PAR)","","","","","","","","","",""
"","4","Health % (PAR)","","","","","","","","","",""
"","5","Health % (PAR)","","","","","","","","","",""
"","6","Health % (PAR)","","","","","","","","","",""
"","7","Health % (PAR)","","","","","","","","","",""
"","8","Health % (PAR)","","","","","","","","","",""
"","9","Health % (PAR)","","","","","","","","","",""
"","10","Health % (PAR)","","","","","","","","","",""
"","11","Health % (PAR)","","","","","","","","","",""
"","12","Health % (PAR)","","","","","","","","","",""
"","13","Health % (PAR)","","","","","","","","","",""
"","14","Health % (PAR)","","","","","","","","","",""
"","15","Health % (PAR)","","","","","","","","","",""
"","","","","","","","","LEAVE BLANK","","","",""
"","","","COUNT","","","","","","","","",""
"","","Encounter Start (PAR)","1","ALL","175","Custom Spell Assignment","","","Save 3 mins","Save 3 mins","",""
"","","Health % (PAR)","100","PROTWARR1","1","Custom Spell Assignment","","","taunt korven","taunt korven","",""
"","","Health % (PAR)","100","PROTPALA1","1","Custom Spell Assignment","","","taunt karoz","taunt karoz","",""
"","","Reave","3","CDSHA1","1","Ancestral Guidance","","","","","",""
"","","Reave","3","CDSHA2","1","Ancestral Guidance","","","","","",""
"","","Reave","4","DPSWARR1","2","Demoralizing Banner","","","","","",""
"","","Reave","2","CDSHA1","3","Healing Tide Totem","","","","","",""
"","","Reave","3","CDSHA2","3","Healing Tide Totem","","","","","",""
"","","Xaril","1","RSHAM1","2","Bloodlust","","","","","",""
"","","Toxic Catalyst CD","1","ALL","8","Custom Spell Assignment","","","Personal","Personal","",""
"","","Toxic Catalyst CD","1","ALL","8","Custom Spell Assignment","","","Healthstone","Healthstone","","538745"
"","","Toxic Injection","1,6","PROTWARR1","-4","Custom Spell Assignment","","","eat injection","eat injection","",""
"","","Shield Bash","1","HOLYPRIEST1","0.1","Custom Spell Assignment","","","Barrier Tank","Barrier Tank","",""
"","","Shield Bash","2","HOLYPRIEST1","0.1","Custom Spell Assignment","","","Barrier Tank","Barrier Tank","",""
"","","Shield Bash","3","HOLYPRIEST1","0.1","Custom Spell Assignment","","","Barrier Tank","Barrier Tank","",""
"","","Shield Bash","4","SPRIEST1","0.1","Custom Spell Assignment","","","Barrier Tank","Barrier Tank","",""
"","","Insane Calculation: Fiery Edge","1","HOLYPRIEST1","-10","Spirit Shell","","","","","",""
"","","Insane Calculation: Fiery Edge","2","HOLYPRIEST1","-10","Spirit Shell","","","","","",""
"","","Insane Calculation: Fiery Edge","3","HOLYPRIEST1","-10","Spirit Shell","","","","","",""
"","","Insane Calculation: Fiery Edge","4","SPRIEST1","-10","Spirit Shell","","","","","",""
"","","Insane Calculation: Fiery Edge","4","PROTPALA1","1","Devotion Aura","","","","","",""
"","","Insane Calculation: Fiery Edge","1","CDSHA1","1","Ancestral Guidance","","","","","",""
"","","Insane Calculation: Fiery Edge","2","CDSHA2","1","Ancestral Guidance","","","","","",""
"","","Insane Calculation: Fiery Edge","5","HPALA1","2","Devotion Aura","","","","","",""
"","","Insane Calculation: Fiery Edge","2","RSHAM1","3","Healing Tide Totem","","","","","",""
"","","Insane Calculation: Fiery Edge","3","DPSWARR1","3","Rallying Cry","","","","","",""
"","","Insane Calculation: Fiery Edge","4","CDSHA1","3","Healing Tide Totem","","","","","",""
"","","Insane Calculation: Fiery Edge","5","BOOMIE1","3","Tranquility","","","","","",""
"","","Insane Calculation: Fiery Edge","4","BOOMIE1","3","Tranquility","","","","","",""
"","","Insane Calculation: Fiery Edge","-1","SHAMAN","5","Custom Spell Assignment","","","Healing Stream","Healing Stream","",""
"","","Insane Calculation: Fiery Edge","1,3,5","HOLYPRIEST1","5","Custom Spell Assignment","","","Halo","Halo","","632352"
"","","Insane Calculation: Fiery Edge","2,4,6","HOLYPRIEST1","5","Custom Spell Assignment","","","Halo","Halo","","632352"
"","","Insane Calculation: Fiery Edge","1,3,5","SPRIEST1","5","Custom Spell Assignment","","","Halo","Halo","","632352"
"","","Insane Calculation: Fiery Edge","2,4,6","HOLYPRIEST1","5","Custom Spell Assignment","","","Halo","Halo","","632352"
"","","Whirling","3,6,9","PROTWARR1","0.1","Demoralizing Banner","","","","","",""
"","","Whirling","4,7","DPSWARR1","0.1","Demoralizing Banner","","","","","",""
"","","Whirling","2,5,8","HPALA1","0.1","Devotion Aura","","","","","",""
"","","Whirling","1","RSHAM1","2","Healing Tide Totem","","","","","",""
"","","Whirling","4","CDSHA2","2","Healing Tide Totem","","","","","",""
"","","Whirling","6","CDSHA1","2","Ancestral Guidance","","","","","",""
"","","Whirling","7","CDSHA2","2","Ancestral Guidance","","","","","",""
"","","Whirling","5","HOLYPRIEST1","2","Custom Spell Assignment","","","Barrier Tank","Barrier Tank","",""
"","","Whirling","6","HOLYPRIEST1","2","Custom Spell Assignment","","","Barrier Tank","Barrier Tank","",""
"","","Whirling","4,7","DPSWARR1","3","Rallying Cry","","","","","",""
"","","Whirling","3,6,9","DPSWARR1","3","Rallying Cry","","","","","",""
"","","Whirling","8","DPSWARR1","3","Rallying Cry","","","","","",""
"","","Whirling","6","HOLYPRIEST1","12","Custom Spell Assignment","","","Barrier Tank","Barrier Tank","",""
"","","Whirling","6","SPRIEST1","22","Custom Spell Assignment","","","Barrier Tank","Barrier Tank","",""
"","","Hurl Amber","2","ALL","-2","Custom Spell Assignment","","","Personal","Personal","",""
"","","Hurl Amber","1","PROTPALA1","1","Devotion Aura","","","","","",""
"","","Hurl Amber","7","PROTPALA1","1","Devotion Aura","","","","","",""
"","","Hurl Amber","7","RSHAM1","1","Healing Tide Totem","","","","","",""
"","","Hurl Amber","8","RSHAM1","1","Healing Tide Totem","","","","","",""
"","","Hurl Amber","1","RANGEDDPS","2","Custom Spell Assignment","","","Healthstone","Healthstone","","538745"
"","","Hurl Amber","1","RSHAM1","2","Healing Tide Totem","","","","","",""
"","","Mutate","4","ALL","-10","Custom Spell Assignment","","","Wait for Mutate","Wait for Mutate","",""
"","","Mutate","1","CDSHA1","-3","Ancestral Guidance","","","","","",""
"","","Mutate","2","CDSHA2","-3","Ancestral Guidance","","","","","",""
"","","Mutate","3","ROGUE1","-2","Smoke Bomb","","","","","",""
"","","Mutate","1","CDSHA1","2","Healing Tide Totem","","","","","",""
"","","Mutate","2","CDSHA2","2","Healing Tide Totem","","","","","",""
"","1","Health % (GAR)","","","","","","Garrosh Hellscream","","","",""
"","2","Health % (GAR)","","","","","","","","","",""
"","3","Health % (GAR)","","","","","","","","","",""
"","4","Health % (GAR)","","","","","","","","","",""
"","5","Health % (GAR)","","","","","","","","","",""
"","6","Health % (GAR)","","","","","","","","","",""
"","7","Health % (GAR)","","","","","","","","","",""
"","8","Health % (GAR)","","","","","","","","","",""
"","9","Health % (GAR)","","","","","","","","","",""
"","10","Health % (GAR)","","","","","","","","","",""
"","11","Health % (GAR)","","","","","","","","","",""
"","12","Health % (GAR)","","","","","","","","","",""
"","13","Health % (GAR)","","","","","","","","","",""
"","14","Health % (GAR)","","","","","","","","","",""
"","15","Health % (GAR)","","","","","","","","","",""
"","","","","","","","","LEAVE BLANK","","","",""
"","","","COUNT","","","","","","","","",""
